id;number;predicates;protection_level;quote;title;page_id;order_id
1;7922;Checking Account Outdoors open-source;Granite;Electronics backing up;Saint Vincent and the Grenadines Investor;1;1
2;38288;hacking Italy;Credit Card Account District Ergonomic;FTP Belize panel;orchestrate Movies Path;2;2
3;36050;digital;bypassing Springs Beauty;New York Multi-channelled;Ports Manager;3;3
4;410;Granite copy;Buckinghamshire Concrete Product;Mississippi viral;Regional;4;4
5;52794;lavender;synthesize Steel;Aruban Guilder program;Shirt HDD;5;5
6;18402;Division;Avon Dynamic;Incredible Rubber Chair open-source;orchestrate;6;6
7;54113;payment;Assistant Virginia Consultant;Strategist mint green;hard drive Practical Concrete Hat maximized;7;7
8;60781;Savings Account;Trail Soap;Product deploy Ergonomic Rubber Shirt;sexy;8;8
9;15851;fuchsia matrix;California Rubber transmitting;customer loyalty intranet Generic;HTTP;9;9
10;42210;Fields;Future;conglomeration Virginia intuitive;Principal Rubber global;10;10
